condition,time_s,motors_per_track,fraction_on,lit_tracks,dark_tracks,intermediate_tracks,dark_to_lit_s,motor_dwell_s,longest_lit_segment_um,completed_dark_to_lit_episodes,completed_dwell_episodes
baseline,0.0,0.0,0.015202805424360975,0,50,0,,,0.196,0,0
baseline,200.0,0.38,0.03952729410333854,0,38,12,,73.5,1.6520000000000001,0,1
baseline,400.0,0.66,0.07514239961080818,0,36,14,,139.0,2.0020000000000002,0,5
baseline,600.0,0.74,0.11130480611355482,4,32,14,491.0,201.33333333333334,2.436,4,12
baseline,800.0,0.78,0.14969695741187442,8,32,10,591.5,209.10714285714286,3.906,8,14
baseline,1000.0,0.78,0.17977824174487667,11,32,7,661.1363636363636,246.88235294117646,3.248,11,17
baseline,1200.0,0.78,0.20633247521942716,15,32,3,779.2,443.98,2.982,15,25
baseline,1400.0,0.78,0.22623801512172378,16,32,2,842.8823529411765,524.0483870967741,1.596,17,31
baseline,1600.0,0.8,0.24006243285427603,17,32,1,842.8823529411765,709.5243902439024,2.478,17,41
baseline,1800.0,0.8,0.24883951918594044,17,32,1,842.8823529411765,747.8529411764706,2.828,17,51
baseline,2000.0,0.76,0.25208278434313747,17,32,1,842.8823529411765,773.7461538461539,2.73,17,65
baseline,2200.0,0.76,0.25435306995317536,18,32,0,913.0277777777778,764.3827160493827,1.526,18,81
baseline,2400.0,0.78,0.25826525854904425,18,32,0,913.0277777777778,723.6326530612245,1.484,18,98
baseline,2600.0,0.76,0.2592179676889709,18,32,0,913.0277777777778,670.7300884955753,2.086,18,113
baseline,2800.0,0.78,0.2617112277785661,18,31,1,913.0277777777778,664.9453125,2.352,18,128
baseline,3000.0,0.8,0.2606774370097095,18,31,1,913.0277777777778,656.1666666666666,1.764,18,141
baseline,3200.0,0.8,0.255812539273914,17,30,3,913.0277777777778,648.2203947368421,2.1,18,152
baseline,3400.0,0.8,0.2553665903147994,18,29,3,1036.7631578947369,639.6226993865031,3.108,19,163
baseline,3600.0,0.78,0.25881255954432125,16,29,5,1036.7631578947369,640.7257142857143,1.54,19,175
baseline,3800.0,0.78,0.2642450286826262,19,29,2,1167.35,645.2258064516129,2.198,20,186
baseline,4000.0,0.8,0.26856262542314474,19,29,2,1167.35,655.5612244897959,2.436,20,196
baseline,4200.0,0.78,0.27302211501429063,21,29,0,1309.1666666666667,650.3816425120773,2.66,21,207
baseline,4400.0,0.76,0.2715423752863195,20,29,1,1309.1666666666667,660.1697247706422,2.408,21,218
baseline,4600.0,0.78,0.2660288245190846,19,29,2,1309.1666666666667,658.3480176211453,2.24,21,227
baseline,4800.0,0.76,0.26392070216690655,18,29,3,1309.1666666666667,658.6375,1.9180000000000001,21,240
baseline,5000.0,0.78,0.26337340117162955,18,29,3,1309.1666666666667,658.0949612403101,1.666,21,258
baseline,5200.0,0.76,0.2614679828917763,19,29,2,1309.1666666666667,657.9249084249084,1.862,21,273
baseline,5400.0,0.78,0.2619544726653558,20,29,1,1309.1666666666667,653.8044982698962,2.604,21,289
baseline,5600.0,0.78,0.2664342326637342,20,29,1,1309.1666666666667,645.6970198675497,1.722,21,302
baseline,5800.0,0.8,0.2728396813491983,19,29,2,1309.1666666666667,638.7555205047319,1.848,21,317
baseline,6000.0,0.76,0.27636673220765007,19,28,3,1309.1666666666667,634.2664670658683,1.82,21,334
baseline,6200.0,0.78,0.2797518902154744,20,28,2,1309.1666666666667,632.1028985507246,1.54,21,345
baseline,6400.0,0.8,0.27932621166359234,19,28,3,1309.1666666666667,628.9267605633803,2.086,21,355
baseline,6600.0,0.76,0.2831573186305313,20,27,3,1544.6818181818182,623.7013513513514,2.226,22,370
baseline,6800.0,0.72,0.2862789613443334,21,27,2,1544.6818181818182,624.855091383812,2.464,22,383
baseline,7000.0,0.78,0.2875154561855148,22,27,1,1778.3260869565217,623.6935897435898,1.61,23,390
baseline,7200.0,0.8,0.2874749153710498,18,27,5,1778.3260869565217,627.2111111111111,1.61,23,405
baseline,7400.0,0.8,0.285083007317617,20,27,3,1778.3260869565217,627.0384615384615,1.806,23,416
baseline,7600.0,0.78,0.2906168284920844,20,26,4,1778.3260869565217,636.6786542923434,1.848,23,431
baseline,7800.0,0.78,0.2933736038757019,21,26,3,1778.3260869565217,632.1261261261261,2.254,23,444
baseline,8000.0,0.8,0.29252224677193767,20,25,5,1778.3260869565217,628.9439560439561,1.806,23,455
baseline,8200.0,0.8,0.29623173129548175,22,24,4,2040.3541666666667,623.6893617021277,1.946,24,470
baseline,8400.0,0.8,0.3015020371759269,22,23,5,2293.94,625.7520746887967,2.086,25,482
baseline,8600.0,0.8,0.30065068007216267,21,23,6,2293.94,628.9453441295547,1.582,25,494
baseline,8800.0,0.76,0.2983398536476598,19,23,8,2293.94,627.3589743589744,1.806,25,507
baseline,9000.0,0.78,0.3035898891208724,20,23,7,2782.9074074074074,622.5718390804598,2.436,27,522
baseline,9200.0,0.8,0.30902235825917745,22,22,6,2782.9074074074074,623.5566037735849,2.17,27,530
baseline,9400.0,0.76,0.30965074088338435,22,22,6,2782.9074074074074,624.5658135283364,1.6380000000000001,27,547
baseline,9600.0,0.78,0.3103196643220562,22,22,6,3021.3214285714284,626.1967799642218,2.114,28,559
baseline,9800.0,0.8,0.31084669491010075,24,22,4,3021.3214285714284,625.9038461538462,3.052,28,572
baseline,10000.0,0.76,0.3067926134636045,24,22,4,3021.3214285714284,625.8622448979592,1.806,28,588
baseline,10200.0,0.78,0.30425881255954434,24,21,5,3021.3214285714284,623.9560530679934,1.82,28,603
baseline,10400.0,0.78,0.3009547361806499,24,21,5,3021.3214285714284,621.7540453074433,1.6520000000000001,28,618
baseline,10600.0,0.78,0.29671822106906126,23,21,6,3279.448275862069,617.0513428120063,2.464,29,633
baseline,10800.0,0.8,0.28927898161474064,20,21,9,3279.448275862069,614.3955108359133,1.624,29,646
baseline,11000.0,0.78,0.288873573470091,21,21,8,3279.448275862069,615.124810892587,1.554,29,661
baseline,11200.0,0.8,0.29469118034581315,20,20,10,3279.448275862069,616.5837037037037,2.1,29,675
baseline,11400.0,0.8,0.3022115014290637,22,20,8,3279.448275862069,616.368804664723,1.708,29,686
baseline,11600.0,0.8,0.30825208278434313,20,20,10,3279.448275862069,615.4706723891273,1.9040000000000001,29,699
baseline,11800.0,0.78,0.30867776133622526,22,20,8,3279.448275862069,610.289764868603,1.526,29,723
baseline,12000.0,0.72,0.31153588875600513,23,20,7,3279.448275862069,606.9372469635628,1.68,29,741
baseline,12200.0,0.8,0.31352238866478827,25,20,5,3279.448275862069,603.5849933598938,1.792,29,753
baseline,12400.0,0.74,0.30851559807836537,22,20,8,3279.448275862069,601.7028795811518,1.82,29,764
baseline,12600.0,0.8,0.30286015446050313,23,20,7,3279.448275862069,603.1232349165597,2.0020000000000002,29,779
baseline,12800.0,0.8,0.3015425779903918,22,20,8,3279.448275862069,602.6717171717172,2.184,29,792
baseline,13000.0,0.78,0.29825877201872986,23,20,7,3279.448275862069,602.8471534653465,1.96,29,808
baseline,13200.0,0.8,0.29424523138669856,21,20,9,3279.448275862069,599.5407047387606,2.156,29,823
baseline,13400.0,0.78,0.2899884458678775,22,20,8,3279.448275862069,598.4386904761905,2.142,29,840
baseline,13600.0,0.72,0.29250197636470515,20,19,11,3279.448275862069,594.9936416184971,1.96,29,865
baseline,13800.0,0.8,0.29935337400928386,22,19,9,3279.448275862069,591.7083333333334,2.254,29,876
baseline,14000.0,0.8,0.30511016966330856,21,19,10,3279.448275862069,589.283371040724,2.828,29,884
baseline,14200.0,0.8,0.30965074088338435,23,18,9,3279.448275862069,590.4844789356985,2.422,29,902
baseline,14400.0,0.78,0.3085358684855979,22,18,10,3279.448275862069,588.8781420765027,2.618,29,915
baseline,14600.0,0.8,0.3097115521050818,24,18,8,3279.448275862069,590.2260495156082,1.96,29,929
baseline,14800.0,0.8,0.3096304704761519,23,18,9,3657.5666666666666,584.7093389296957,2.5060000000000002,30,953
baseline,15000.0,0.78,0.30766424097460116,20,18,12,3657.5666666666666,581.1680412371134,2.422,30,970
baseline,15200.0,0.78,0.3104818275799161,22,18,10,3657.5666666666666,581.7274111675127,1.9180000000000001,30,985
baseline,15400.0,0.8,0.3149818579855269,23,19,8,4032.4193548387098,580.594472361809,2.0020000000000002,31,995
baseline,15600.0,0.78,0.31554942938803643,22,18,10,4032.4193548387098,581.5712151394422,1.75,31,1004
baseline,15800.0,0.8,0.317596740518517,22,18,10,4032.4193548387098,581.7748279252704,1.288,31,1017
baseline,16000.0,0.8,0.3200291893864148,23,18,9,4032.4193548387098,583.0291262135922,2.044,31,1030
cutter,0.0,0.0,0.015202805424360975,0,50,0,,,0.196,0,0
cutter,200.0,0.36,0.04009486550584801,0,37,13,,78.41666666666667,1.33,0,6
cutter,400.0,0.66,0.08160865951796972,0,31,19,,115.125,1.274,0,12
cutter,600.0,0.74,0.12158190258042284,3,31,16,456.5,147.11111111111111,1.344,3,18
cutter,800.0,0.78,0.156082135690106,9,30,11,638.1111111111111,182.02083333333334,1.232,9,24
cutter,1000.0,0.78,0.1831836701599335,15,30,5,763.1333333333333,257.53333333333336,1.8760000000000001,15,30
cutter,1200.0,0.8,0.2031297508766951,15,30,5,763.1333333333333,315.6470588235294,1.428,15,34
cutter,1400.0,0.78,0.21956905114223746,16,30,4,800.5625,394.1219512195122,1.498,16,41
cutter,1600.0,0.74,0.2316704842600288,17,30,3,845.4117647058823,566.9363636363636,1.498,17,55
cutter,1800.0,0.8,0.23487320860276084,17,30,3,845.4117647058823,602.8478260869565,2.702,17,69
cutter,2000.0,0.78,0.24016378489043844,17,30,3,845.4117647058823,641.3058823529411,1.568,17,85
cutter,2200.0,0.78,0.24525165710579125,17,29,4,916.1944444444445,623.8221153846154,1.064,18,104
cutter,2400.0,0.78,0.2488800600004054,17,28,5,916.1944444444445,598.3888888888889,1.162,18,117
cutter,2600.0,0.8,0.25881255954432125,19,28,3,997.1052631578947,588.8435114503817,1.316,19,131
cutter,2800.0,0.78,0.2622382583666106,19,28,3,997.1052631578947,586.9791666666666,1.554,19,144
cutter,3000.0,0.8,0.2631504266920722,21,29,0,1184.9761904761904,577.296875,1.246,21,160
cutter,3200.0,0.8,0.2615490645207062,20,29,1,1184.9761904761904,565.3633720930233,1.26,21,172
cutter,3400.0,0.8,0.2611436563760566,19,28,3,1184.9761904761904,575.5601092896175,1.05,21,183
cutter,3600.0,0.8,0.26282610017635255,18,28,4,1184.9761904761904,577.7989690721649,0.966,21,194
cutter,3800.0,0.76,0.26521800822978536,20,28,2,1184.9761904761904,585.8507109004739,1.414,21,211
cutter,4000.0,0.78,0.2615490645207062,21,28,1,1308.9545454545455,574.9251101321586,1.694,22,227
cutter,4200.0,0.8,0.26420448786816125,20,28,2,1308.9545454545455,567.8231707317074,1.498,22,246
cutter,4400.0,0.76,0.26783289076277544,20,28,2,1308.9545454545455,565.4054054054054,1.596,22,259
cutter,4600.0,0.76,0.2694747937486064,19,28,3,1308.9545454545455,565.3937728937728,1.106,22,273
cutter,4800.0,0.8,0.26923154886181666,20,28,2,1308.9545454545455,565.704152249135,1.246,22,289
cutter,5000.0,0.74,0.27178562017310925,21,28,1,1308.9545454545455,558.5653594771242,1.204,22,306
cutter,5200.0,0.78,0.2691910080473517,20,27,3,1308.9545454545455,557.7328125,1.12,22,320
cutter,5400.0,0.78,0.26793424279893785,20,26,4,1308.9545454545455,557.3489425981874,1.344,22,331
cutter,5600.0,0.8,0.26495449293576306,21,26,3,1492.0217391304348,562.3625730994152,1.456,23,342
cutter,5800.0,0.8,0.2712180487705998,21,24,5,1492.0217391304348,566.4805555555556,1.358,23,360
cutter,6000.0,0.76,0.27723835971864674,20,24,6,1492.0217391304348,561.4360313315927,1.414,23,383
cutter,6200.0,0.8,0.28224515030506964,20,23,7,1492.0217391304348,562.1051282051282,1.162,23,390
cutter,6400.0,0.8,0.28388705329090064,20,23,7,1691.1041666666667,558.9371859296482,0.98,24,398
cutter,6600.0,0.8,0.2888938438773235,22,23,5,1691.1041666666667,559.6016949152543,1.022,24,413
cutter,6800.0,0.8,0.2905357468631545,22,22,6,1892.58,556.728637413395,1.218,25,433
cutter,7000.0,0.76,0.28680599193237793,22,22,6,1892.58,556.1211111111111,1.498,25,450
cutter,7200.0,0.78,0.28960330813046037,23,22,5,2092.8846153846152,558.6176470588235,1.078,26,459
cutter,7400.0,0.8,0.29414387935053615,21,22,7,2092.8846153846152,557.2192796610169,1.176,26,472
cutter,7600.0,0.78,0.29126548152352383,20,22,8,2479.0,556.4794238683128,1.442,28,486
cutter,7800.0,0.78,0.2892992520219731,21,22,7,2479.0,555.9980158730159,1.162,28,504
cutter,8000.0,0.8,0.29240062432854275,21,21,8,2479.0,554.9428294573644,1.246,28,516
cutter,8200.0,0.78,0.2889951959134859,19,21,10,2479.0,556.0637898686679,1.456,28,533
cutter,8400.0,0.8,0.2890154663207184,19,20,11,2479.0,557.2367458866545,1.3860000000000001,28,547
cutter,8600.0,0.8,0.2972249812498733,20,20,10,2479.0,554.3413547237077,1.12,28,561
cutter,8800.0,0.8,0.30259663916648083,24,20,6,2693.2241379310344,554.217277486911,1.092,29,573
cutter,9000.0,0.78,0.3043804350029392,23,20,7,2693.2241379310344,558.8938879456706,1.232,29,589
cutter,9200.0,0.78,0.3084953276711329,24,20,6,2693.2241379310344,556.2845257903494,1.064,29,601
cutter,9400.0,0.78,0.30782640423246105,22,20,8,2913.15,556.3162601626017,1.372,30,615
cutter,9600.0,0.78,0.2980763383536375,20,20,10,2913.15,558.2792721518987,1.19,30,632
cutter,9800.0,0.78,0.29945472604544626,19,20,11,2913.15,552.420245398773,1.344,30,652
cutter,10000.0,0.8,0.2983803944621247,22,20,8,2913.15,554.0307346326837,1.414,30,667
cutter,10200.0,0.78,0.2998601341900959,22,20,8,2913.15,551.8418740849195,1.288,30,683
cutter,10400.0,0.8,0.3083939756349705,21,20,9,2913.15,551.3031837916063,1.9180000000000001,30,691
cutter,10600.0,0.8,0.30875884296515516,21,20,9,2913.15,549.5776836158192,1.526,30,708
cutter,10800.0,0.8,0.3050290880343786,21,20,9,2913.15,549.0990371389271,0.882,30,727
cutter,11000.0,0.78,0.3096304704761519,23,20,7,2913.15,546.2807486631016,1.26,30,748
cutter,11200.0,0.8,0.3085358684855979,23,20,7,2913.15,542.947265625,1.204,30,768
cutter,11400.0,0.78,0.30247501672308597,22,20,8,2913.15,538.95,1.736,30,780
cutter,11600.0,0.8,0.29501550686153283,21,20,9,2913.15,538.2005012531329,1.456,30,798
cutter,11800.0,0.78,0.29390063446374637,21,19,10,2913.15,538.6316113161132,1.358,30,813
cutter,12000.0,0.8,0.29511685889769523,22,19,9,2913.15,539.2868357487922,0.98,30,828
cutter,12200.0,0.78,0.3012385218819046,21,19,10,2913.15,540.1817102137767,1.26,30,842
cutter,12400.0,0.8,0.30673180224190705,24,18,8,3213.048387096774,539.1764361078547,1.54,31,853
cutter,12600.0,0.78,0.3130967101129062,24,17,9,3213.048387096774,537.735632183908,1.736,31,870
cutter,12800.0,0.76,0.31708998033770497,21,17,12,3213.048387096774,539.2400681044268,1.456,31,881
cutter,13000.0,0.78,0.31455617943364483,23,17,10,3213.048387096774,540.376254180602,1.1480000000000001,31,897
cutter,13200.0,0.8,0.30965074088338435,21,16,13,3524.328125,538.8170865279299,1.288,32,913
cutter,13400.0,0.8,0.31173859282832994,21,16,13,3820.090909090909,538.1821120689655,1.792,33,928
cutter,13600.0,0.8,0.31194129690065475,19,16,15,3820.090909090909,539.9777306468717,1.036,33,943
cutter,13800.0,0.76,0.3117183224210974,21,16,13,4107.85294117647,538.7702702702703,1.806,34,962
cutter,14000.0,0.8,0.31208318975128213,15,15,20,4107.85294117647,537.2120901639345,1.162,34,976
cutter,14200.0,0.78,0.31246832748869924,17,15,18,4396.128571428571,533.8672032193159,1.358,35,994
cutter,14400.0,0.8,0.31396833762390286,18,16,16,4396.128571428571,535.7989076464747,1.106,35,1007
cutter,14600.0,0.78,0.3146372610625747,19,16,15,4396.128571428571,533.5570175438596,2.436,35,1026
cutter,14800.0,0.76,0.31658322015689294,19,16,15,4396.128571428571,532.9309683604986,1.554,35,1043
cutter,15000.0,0.78,0.31236697545253683,17,16,17,4396.128571428571,531.8046357615895,1.106,35,1057
cutter,15200.0,0.8,0.3122656234163744,16,16,18,4396.128571428571,529.9604283054003,1.372,35,1074
cutter,15400.0,0.78,0.3078872154541585,17,15,18,4396.128571428571,527.9377859103386,1.288,35,1093
cutter,15600.0,0.78,0.31127237346198283,21,15,14,4396.128571428571,527.336036036036,1.204,35,1110
cutter,15800.0,0.78,0.31192102649342224,22,15,13,4396.128571428571,526.3625444839857,1.078,35,1124
cutter,16000.0,0.78,0.30995479699187156,20,15,15,4396.128571428571,527.2212041884817,1.47,35,1146
motor,0.0,0.0,0.015202805424360975,0,50,0,,,0.196,0,0
motor,200.0,0.46,0.04465570713315631,0,35,15,,,1.9040000000000001,0,0
motor,400.0,0.74,0.10431151561834877,0,26,24,,,2.856,0,0
motor,600.0,0.64,0.15800782437719174,5,25,20,473.2,505.9583333333333,2.38,5,12
motor,800.0,0.74,0.17655524699491212,6,24,20,513.5833333333334,500.953125,3.332,6,32
motor,1000.0,0.76,0.20148784789086413,9,23,18,700.4090909090909,501.0121951219512,2.24,11,41
motor,1200.0,0.76,0.22190014797397278,12,22,16,798.7333333333333,498.51666666666665,1.9040000000000001,15,60
motor,1400.0,0.76,0.23726511665619363,14,21,15,852.1470588235294,499.8333333333333,2.058,17,75
motor,1600.0,0.76,0.25731254940911763,19,21,10,1036.4166666666667,496.30357142857144,1.946,24,84
motor,1800.0,0.78,0.26817748768572763,21,21,8,1060.76,489.0409090909091,1.596,25,110
motor,2000.0,0.8,0.2761234873208603,22,21,7,1060.76,487.0,1.82,25,122
motor,2200.0,0.8,0.2774207933837391,22,21,7,1139.2407407407406,484.19718309859155,2.2680000000000002,27,142
motor,2400.0,0.8,0.2869478847830053,23,20,7,1139.2407407407406,482.04088050314465,1.68,27,159
motor,2600.0,0.8,0.29641416496057404,23,20,7,1188.6607142857142,480.6804733727811,2.338,28,169
motor,2800.0,0.76,0.29606956803762186,23,20,7,1188.6607142857142,482.8697916666667,2.2680000000000002,28,192
motor,3000.0,0.74,0.2997587821539335,23,20,7,1188.6607142857142,478.6961722488038,1.778,28,209
motor,3200.0,0.76,0.3049277359982162,21,20,9,1188.6607142857142,473.7863436123348,1.9180000000000001,28,227
motor,3400.0,0.8,0.3064682869478848,23,20,7,1188.6607142857142,472.8991769547325,2.282,28,243
motor,3600.0,0.78,0.31451563861917986,22,19,9,1188.6607142857142,470.9054054054054,1.834,28,259
motor,3800.0,0.8,0.3217319035939432,21,18,11,1188.6607142857142,470.6576086956522,1.806,28,276
motor,4000.0,0.8,0.32744815843350294,23,18,9,1188.6607142857142,468.7053872053872,1.862,28,297
motor,4200.0,0.78,0.33109683173534954,23,17,10,1188.6607142857142,466.7996794871795,1.722,28,312
motor,4400.0,0.76,0.3293941175278211,23,17,10,1188.6607142857142,463.8368580060423,1.6380000000000001,28,331
motor,4600.0,0.74,0.3305292603328401,25,17,8,1305.448275862069,464.3068181818182,2.1,29,352
motor,4800.0,0.76,0.327873836985385,23,17,10,1305.448275862069,461.6616847826087,1.82,29,368
motor,5000.0,0.72,0.32734680639734054,24,17,9,1305.448275862069,460.11082474226805,1.498,29,388
motor,5200.0,0.78,0.3262927452212515,24,17,9,1305.448275862069,458.520987654321,1.568,29,405
motor,5400.0,0.74,0.32773194413475765,23,17,10,1305.448275862069,458.94536817102136,1.974,29,421
motor,5600.0,0.78,0.32600895951999675,23,18,9,1305.448275862069,455.9467120181406,1.974,29,441
motor,5800.0,0.78,0.320880546490179,23,18,9,1448.7,452.7277657266811,2.464,30,461
motor,6000.0,0.78,0.31763728133298197,21,18,11,1448.7,450.0983436853002,1.764,30,483
motor,6200.0,0.78,0.321427847485456,23,18,9,1448.7,446.3382936507937,1.414,30,504
motor,6400.0,0.74,0.3323738673909959,23,18,9,1606.5,443.7952380952381,2.618,31,525
motor,6600.0,0.78,0.33190764802464884,23,17,10,1606.5,442.99632352941177,1.554,31,544
motor,6800.0,0.76,0.3329008979790404,23,16,11,1606.5,443.9560931899642,1.862,31,558
motor,7000.0,0.76,0.33774552530760343,23,15,12,1773.328125,443.74131944444446,1.372,32,576
motor,7200.0,0.8,0.3409077088358705,24,15,11,1773.328125,443.0942760942761,2.73,32,594
motor,7400.0,0.76,0.342022581233657,23,15,12,1773.328125,442.8697068403909,2.436,32,614
motor,7600.0,0.78,0.3445969229521821,21,14,15,1773.328125,443.36413902053715,1.82,32,633
motor,7800.0,0.76,0.34518476476192406,24,14,12,1952.9545454545455,440.98846153846154,1.666,33,650
motor,8000.0,0.78,0.34445503010155476,22,14,14,1952.9545454545455,439.59985096870344,2.394,33,671
motor,8200.0,0.8,0.34323880566760584,22,13,15,1952.9545454545455,437.52305475504323,3.192,33,694
motor,8400.0,0.78,0.338232015081183,22,13,15,1952.9545454545455,437.35049365303246,1.9040000000000001,33,709
motor,8600.0,0.78,0.3382117446739505,21,13,16,2147.544117647059,436.61506849315066,1.694,34,730
motor,8800.0,0.8,0.33610362232177243,21,13,16,2147.544117647059,433.39214380825564,2.044,34,751
motor,9000.0,0.78,0.340927979243103,21,13,16,2147.544117647059,432.7277419354839,1.8760000000000001,34,775
motor,9200.0,0.8,0.35258346340177976,25,13,12,2345.8142857142857,432.39683544303796,1.806,35,790
motor,9400.0,0.8,0.3541240143514483,24,13,13,2345.8142857142857,431.4820987654321,1.456,35,810
motor,9600.0,0.8,0.3570024121784607,27,13,10,2345.8142857142857,429.4542168674699,2.828,35,830
motor,9800.0,0.78,0.35493483064074755,28,13,9,2552.375,429.9852941176471,2.156,36,850
motor,10000.0,0.74,0.3577118764315975,26,13,11,2552.375,430.20206659012626,1.68,36,871
motor,10200.0,0.8,0.36296191190481014,27,13,10,2552.375,429.02488687782807,2.0020000000000002,36,884
motor,10400.0,0.8,0.3700970952506436,26,13,11,2764.472972972973,428.2805953693495,1.526,37,907
motor,10600.0,0.76,0.3692457381468794,27,12,11,2764.472972972973,427.01937567276644,1.61,37,929
motor,10800.0,0.8,0.3621510956155109,27,12,11,2764.472972972973,426.36880927291884,1.974,37,949
motor,11000.0,0.78,0.3629213710903452,28,12,10,2764.472972972973,425.889979338843,1.554,37,968
motor,11200.0,0.8,0.3618673099142562,24,12,14,2764.472972972973,425.4341438703141,1.96,37,987
motor,11400.0,0.74,0.3623943405023007,24,12,14,2764.472972972973,425.7388503468781,1.47,37,1009
motor,11600.0,0.78,0.35884701923661644,26,11,13,2996.434210526316,424.8406432748538,1.554,38,1026
motor,11800.0,0.8,0.3556240244866519,23,11,16,2996.434210526316,424.4021012416428,1.8760000000000001,38,1047
motor,12000.0,0.74,0.3532929276549166,21,11,18,2996.434210526316,424.0295497185741,3.08,38,1066
motor,12200.0,0.78,0.34895506050716557,23,11,16,2996.434210526316,423.9511070110701,1.596,38,1084
motor,12400.0,0.76,0.3552591571564673,24,11,15,2996.434210526316,423.1976427923844,1.722,38,1103
motor,12600.0,0.78,0.358786208014919,26,11,13,3239.25641025641,422.0394503546099,1.484,39,1128
motor,12800.0,0.8,0.3590497233089413,27,11,12,3239.25641025641,421.5638111888112,1.6520000000000001,39,1144
motor,13000.0,0.76,0.36188758032148866,28,11,11,3239.25641025641,421.02737382378103,2.044,39,1169
motor,13200.0,0.78,0.36792816167676806,26,10,14,3239.25641025641,421.44585448392553,2.212,39,1182
motor,13400.0,0.8,0.36168487624916384,23,10,17,3239.25641025641,420.99875,1.778,39,1200
motor,13600.0,0.78,0.35994162122717044,24,10,16,3239.25641025641,420.9693376941946,1.862,39,1223
motor,13800.0,0.8,0.3532929276549166,25,10,15,3239.25641025641,420.3753026634383,1.778,39,1239
motor,14000.0,0.76,0.3454482800559463,20,10,20,3239.25641025641,419.9319081551861,1.4000000000000001,39,1263
motor,14200.0,0.8,0.3497658767964648,23,10,17,3239.25641025641,418.92289719626166,1.792,39,1284
motor,14400.0,0.74,0.35142805018952833,25,9,16,3239.25641025641,419.00115030674846,2.016,39,1304
motor,14600.0,0.8,0.35734700910141287,25,7,18,3521.3,419.35616956850873,2.45,40,1321
motor,14800.0,0.78,0.3607727079237022,23,7,20,3521.3,418.05634328358207,1.932,40,1340
motor,15000.0,0.78,0.36243488131676566,25,7,18,3797.231707317073,418.3468038207201,1.722,41,1361
motor,15200.0,0.78,0.3650294934425233,25,8,17,3797.231707317073,418.7298474945534,1.302,41,1377
motor,15400.0,0.78,0.3660835546186123,23,8,19,3797.231707317073,418.1545324768023,1.6520000000000001,41,1401
motor,15600.0,0.78,0.36446192204001376,25,7,18,3797.231707317073,418.9226694915254,1.596,41,1416
motor,15800.0,0.74,0.36472543733403606,24,7,19,4081.7976190476193,418.9465782122905,1.6520000000000001,42,1432
motor,16000.0,0.76,0.36223217724444084,23,7,20,4081.7976190476193,418.6704467353952,3.0380000000000003,42,1455
permanent,0.0,0.0,0.015202805424360975,0,50,0,,,0.028,0,0
permanent,200.0,0.78,0.11473050493584416,0,18,32,,108.35714285714286,1.47,0,7
permanent,400.0,0.8,0.1944742869884256,6,16,28,285.0,149.5,2.94,6,10
permanent,600.0,0.76,0.2500557436198893,12,14,24,390.4583333333333,300.65384615384613,2.184,12,26
permanent,800.0,0.78,0.27504915573753874,13,12,25,470.65625,394.97872340425533,2.114,16,47
permanent,1000.0,0.8,0.2936168487624916,13,9,28,534.0526315789474,399.5390625,1.82,19,64
permanent,1200.0,0.74,0.30083311373725496,16,8,26,612.2272727272727,423.9207317073171,1.8900000000000001,22,82
permanent,1400.0,0.74,0.3028804248677356,14,4,32,612.2272727272727,439.83,2.016,22,100
permanent,1600.0,0.76,0.31246832748869924,13,3,34,686.2083333333334,427.94871794871796,1.75,24,117
permanent,1800.0,0.76,0.3275697808768978,15,3,32,763.4038461538462,430.10687022900765,1.946,26,131
permanent,2000.0,0.78,0.3426712342650964,16,2,32,881.8275862068965,430.63448275862066,2.618,29,145
permanent,2200.0,0.76,0.3521577848498976,18,2,30,961.1129032258065,439.4079754601227,1.414,31,163
permanent,2400.0,0.78,0.35461050412502787,18,2,30,1001.890625,449.1077348066298,1.82,32,181
permanent,2600.0,0.8,0.3535969837634038,18,2,30,1047.6515151515152,454.0692307692308,1.596,33,195
permanent,2800.0,0.78,0.36125919769728176,17,2,31,1098.3676470588234,452.1507177033493,1.6520000000000001,34,209
permanent,3000.0,0.8,0.3584010702775019,15,2,33,1147.9142857142858,461.70535714285717,1.932,35,224
permanent,3200.0,0.8,0.3595767538969858,14,2,34,1204.6527777777778,469.6308016877637,1.946,36,237
permanent,3400.0,0.76,0.3591308049378712,16,2,32,1260.945945945946,459.771484375,1.708,37,256
permanent,3600.0,0.8,0.36555652403056776,21,2,27,1320.9868421052631,467.1179775280899,1.848,38,267
permanent,3800.0,0.8,0.3684551922648126,22,2,26,1379.448717948718,471.04107142857146,1.694,39,280
permanent,4000.0,0.8,0.36604301380414733,20,1,29,1442.975,474.36610169491524,2.142,40,295
permanent,4200.0,0.78,0.3687997891877648,22,1,27,1566.797619047619,474.82211538461536,1.596,42,312
permanent,4400.0,0.78,0.37520523787322885,21,1,28,1566.797619047619,486.48333333333335,1.6520000000000001,42,330
permanent,4600.0,0.8,0.37512415624429896,22,1,27,1633.7906976744187,487.1468023255814,1.834,43,344
permanent,4800.0,0.8,0.37447550321285955,21,1,28,1633.7906976744187,486.6053370786517,1.414,43,356
permanent,5000.0,0.78,0.37184035027263695,23,1,26,1710.0,485.9266304347826,1.75,44,368
permanent,5200.0,0.8,0.3706241258386881,22,0,28,1783.1444444444444,489.08868894601545,1.834,45,389
permanent,5400.0,0.76,0.3671173453874688,19,0,31,1783.1444444444444,488.11083743842363,1.484,45,406
permanent,5600.0,0.8,0.3658808505462875,20,0,30,1783.1444444444444,491.93838862559244,1.61,45,422
permanent,5800.0,0.8,0.36991466158555125,22,0,28,1870.4239130434783,490.5353075170843,2.632,46,439
permanent,6000.0,0.8,0.3742930695477672,19,0,31,1870.4239130434783,484.28091106290674,1.694,46,461
permanent,6200.0,0.78,0.3775768755194292,21,0,29,1961.0,480.89098532494756,1.834,47,477
permanent,6400.0,0.78,0.3799079723511645,24,0,26,1961.0,483.0777777777778,1.554,47,495
permanent,6600.0,0.8,0.3795431050209799,21,0,29,1961.0,479.2426035502959,1.624,47,507
permanent,6800.0,0.8,0.38017148764518677,18,0,32,1961.0,481.05353728489484,1.946,47,523
permanent,7000.0,0.78,0.38424583949891555,21,0,29,2065.7916666666665,478.25046040515656,1.764,48,543
permanent,7200.0,0.8,0.38323231913729144,20,0,30,2065.7916666666665,479.8543165467626,1.722,48,556
permanent,7400.0,0.78,0.3860499057426064,21,0,29,2065.7916666666665,482.3031634446397,2.072,48,569
permanent,7600.0,0.76,0.38013094683072185,24,0,26,2065.7916666666665,484.1916524701874,1.8760000000000001,48,587
permanent,7800.0,0.78,0.37739444185433685,21,0,29,2065.7916666666665,482.90199335548175,1.8760000000000001,48,602
permanent,8000.0,0.78,0.3782255285508686,24,0,26,2065.7916666666665,484.64458804523423,2.352,48,619
permanent,8200.0,0.8,0.38637423225832607,25,0,25,2065.7916666666665,484.8556782334385,2.184,48,634
permanent,8400.0,0.78,0.38819856890924936,23,0,27,2065.7916666666665,488.2017001545595,1.526,48,647
permanent,8600.0,0.8,0.3876715383212049,23,0,27,2065.7916666666665,489.16818181818184,2.338,48,660
permanent,8800.0,0.8,0.38582693126304907,24,0,26,2065.7916666666665,490.2135493372607,1.624,48,679
permanent,9000.0,0.8,0.38479314049419255,23,0,27,2065.7916666666665,487.47178002894356,2.366,48,691
permanent,9200.0,0.78,0.3775768755194292,25,0,25,2210.6530612244896,487.2291960507757,1.862,49,709
permanent,9400.0,0.8,0.3800498652017919,23,0,27,2210.6530612244896,487.7089655172414,1.358,49,725
permanent,9600.0,0.76,0.38339448239515134,22,0,28,2173.34,485.87816245006655,2.254,50,751
permanent,9800.0,0.8,0.3784485030304259,23,0,27,2173.34,483.77308192457735,1.9040000000000001,50,769
permanent,10000.0,0.8,0.3801917580524193,22,0,28,2173.34,483.14803049555275,1.862,50,787
permanent,10200.0,0.78,0.382117446739505,22,0,28,2173.34,481.3900621118012,1.862,50,805
permanent,10400.0,0.8,0.38586747207751404,25,1,24,2173.34,478.7060606060606,1.54,50,825
permanent,10600.0,0.8,0.3835161048385462,24,1,25,2173.34,479.1409952606635,1.848,50,844
permanent,10800.0,0.8,0.37632011027101536,19,1,30,2173.34,479.00638051044086,1.82,50,862
permanent,11000.0,0.78,0.36819167697079036,18,1,31,2173.34,477.1596351197263,2.478,50,877
permanent,11200.0,0.78,0.3683538402286502,20,1,29,2173.34,477.7455257270694,1.8900000000000001,50,894
permanent,11400.0,0.8,0.3731579267427483,25,0,25,2173.34,475.89144736842104,1.834,50,912
permanent,11600.0,0.8,0.37944175298481747,25,0,25,2173.34,476.5043010752688,2.226,50,930
permanent,11800.0,0.8,0.3827255589564794,23,0,27,2173.34,478.4524312896406,1.568,50,946
permanent,12000.0,0.78,0.37944175298481747,24,0,26,2173.34,479.0187695516163,3.0380000000000003,50,959
permanent,12200.0,0.8,0.3700970952506436,25,0,25,2173.34,476.0957011258956,2.226,50,977
permanent,12400.0,0.76,0.36699572294407395,22,1,27,2173.34,474.7489939637827,1.47,50,994
permanent,12600.0,0.78,0.3653943607727079,21,2,27,2173.34,475.69059405940595,1.61,50,1010
permanent,12800.0,0.8,0.3618064986925587,20,2,28,2173.34,478.0048638132296,2.87,50,1028
permanent,13000.0,0.8,0.36385380982303933,20,2,28,2173.34,479.033971291866,1.722,50,1045
permanent,13200.0,0.8,0.3711308860195001,26,2,22,2173.34,477.63220018885744,2.058,50,1059
permanent,13400.0,0.8,0.37557010520341355,25,2,23,2173.34,477.95407685098405,1.82,50,1067
permanent,13600.0,0.8,0.3659416617679849,24,2,24,2173.34,478.129270544783,2.282,50,1083
permanent,13800.0,0.76,0.36115784566111936,24,3,23,2173.34,478.50901713255183,1.834,50,1109
permanent,14000.0,0.8,0.36016459570672776,22,1,27,2173.34,478.8199643493761,2.198,50,1122
permanent,14200.0,0.8,0.3588064784221515,19,0,31,2173.34,479.30123131046616,1.9040000000000001,50,1137
permanent,14400.0,0.78,0.3607524375164697,21,0,29,2173.34,480.59685863874347,1.82,50,1146
permanent,14600.0,0.74,0.36462408529787366,21,0,29,2168.372549019608,480.0841201716738,2.198,51,1165
permanent,14800.0,0.8,0.3634686720856222,21,0,29,2168.372549019608,480.541066892464,1.988,51,1181
permanent,15000.0,0.8,0.365860580139055,22,0,28,2168.372549019608,481.1303986710964,1.456,51,1204
permanent,15200.0,0.8,0.36851600348651004,22,0,28,2168.372549019608,480.30115036976173,1.484,51,1217
permanent,15400.0,0.8,0.36809032493462795,21,0,29,2168.372549019608,480.32806163828064,1.54,51,1233
permanent,15600.0,0.8,0.3727119777836337,22,1,27,2168.372549019608,480.5787370103917,1.8900000000000001,51,1251
permanent,15800.0,0.78,0.3766241663795026,24,1,25,2168.372549019608,481.1968253968254,2.24,51,1260
permanent,16000.0,0.8,0.3760363245697606,18,1,31,2168.372549019608,482.4921445404556,1.82,51,1273
